<?xml version="1.0" encoding="UTF-8"?>
<beans xmlns="http://www.springframework.org/schema/beans"
	xmlns:xsi="http://www.w3.org/2001/XMLSchema-instance"
	xmlns:aop="http://www.springframework.org/schema/aop"
	xsi:schemaLocation="http://www.springframework.org/schema/beans http://www.springframework.org/schema/beans/spring-beans.xsd
		http://www.springframework.org/schema/aop http://www.springframework.org/schema/aop/spring-aop-4.3.xsd">

	<bean class="dip.day01.aop.exam01.service.HelloService">
	</bean>
	<bean class="dip.day01.aop.exam01.aspect.HelloAspect" id="myFirstAspect">
	</bean>
	<aop:config>
		<aop:aspect id="myaspect" ref="myFirstAspect">
			<aop:pointcut expression="execution( * sayHello(..) )" id="pc"/>
			<aop:before method="before" pointcut-ref="pc"/>
		</aop:aspect>
	</aop:config>
</beans>
