<?xml version="1.0" encoding="UTF-8"?>
<beans xmlns="http://www.springframework.org/schema/beans"
	xmlns:xsi="http://www.w3.org/2001/XMLSchema-instance"
	xsi:schemaLocation="http://www.springframework.org/schema/beans http://www.springframework.org/schema/beans/spring-beans.xsd">

	<bean id="mysql_ds" class="org.springframework.jdbc.datasource.DriverManagerDataSource">
		<property name="driverClassName" value="com.mysql.jdbc.Driver"></property>
		<property name="url" value="jdbc:mysql://localhost:3306/com"></property>
		<property name="username" value="com"></property>
		<property name="password" value="com01"></property>
	</bean>
	<bean id="jdbcTpl" class="org.springframework.jdbc.core.JdbcTemplate">
		<constructor-arg ref="mysql_ds"></constructor-arg>	
	</bean>
	<bean class="dip.day02.jdbc.exam01.dao.BoardDao">
		<property name="jdbcTemplate" ref="jdbcTpl"></property>
	</bean>
	<!-- MyBatis -->
	<bean id="sqlSessionFactory" class="org.mybatis.spring.SqlSessionFactoryBean">
		<property name="dataSource" ref="mysql_ds"></property>
		<property name="mapperLocations">
			<list>
				<value>classpath:config/BoardMapper.xml</value>
			</list>
		</property>
	</bean>
	<bean class="org.mybatis.spring.SqlSessionTemplate">
		<constructor-arg ref="sqlSessionFactory"></constructor-arg>
	</bean>
</beans>
