<?xml version="1.0" encoding="UTF-8"?>
<beans xmlns="http://www.springframework.org/schema/beans"
	xmlns:xsi="http://www.w3.org/2001/XMLSchema-instance"
	xmlns:context="http://www.springframework.org/schema/context"
	xsi:schemaLocation="http://www.springframework.org/schema/beans http://www.springframework.org/schema/beans/spring-beans.xsd
		http://www.springframework.org/schema/context http://www.springframework.org/schema/context/spring-context-4.3.xsd">

	<!-- 컨트롤러 클래스와 처리할 URL을 bean으로 정의 -->
	<bean name="/hello.do" class="dip.day02.mvc.exam01.servlet.HelloServlet"></bean>
	<bean class="org.springframework.web.servlet.view.InternalResourceViewResolver">
		<property name="prefix" value="/WEB-INF/jsp"></property>
		<property name="suffix" value=".jsp"></property>
	</bean>
    <context:component-scan base-package="dip.day02.mvc.exam01.servlet"></context:component-scan>
</beans>
